{
 "actions": [],
 "creation": "2020-01-14 11:38:58.016498",
 "doctype": "DocType",
 "editable_grid": 1,
 "engine": "InnoDB",
 "field_order": [
  "fieldname",
  "label",
  "fieldtype",
  "mandatory",
  "options",
  "wildcard_filter"
 ],
 "fields": [
  {
   "fieldname": "fieldname",
   "fieldtype": "Data",
   "in_list_view": 1,
   "label": "Fieldname",
   "reqd": 1
  },
  {
   "fieldname": "label",
   "fieldtype": "Data",
   "in_list_view": 1,
   "label": "Label",
   "reqd": 1
  },
  {
   "fieldname": "fieldtype",
   "fieldtype": "Select",
   "in_list_view": 1,
   "label": "Fieldtype",
   "options": "Check\nCurrency\nData\nDate\nDatetime\nDynamic Link\nFloat\nFold\nInt\nLink\nSelect\nTime",
   "reqd": 1
  },
  {
   "default": "0",
   "fieldname": "mandatory",
   "fieldtype": "Check",
   "in_list_view": 1,
   "label": "Mandatory"
  },
  {
   "fieldname": "options",
   "fieldtype": "Small Text",
   "label": "Options"
  },
  {
   "default": "0",
   "description": "Will add \"%\" before and after the query",
   "fieldname": "wildcard_filter",
   "fieldtype": "Check",
   "label": "Wildcard Filter"
  }
 ],
 "index_web_pages_for_search": 1,
 "istable": 1,
 "links": [],
 "modified": "2020-12-05 19:20:00.503097",
 "modified_by": "Administrator",
 "module": "Core",
 "name": "Report Filter",
 "owner": "Administrator",
 "permissions": [],
 "quick_entry": 1,
 "sort_field": "modified",
 "sort_order": "DESC",
 "track_changes": 1
}