{
 "actions": [],
 "creation": "2021-08-23 17:21:28.345841",
 "doctype": "DocType",
 "editable_grid": 1,
 "engine": "InnoDB",
 "field_order": [
  "title",
  "color",
  "custom"
 ],
 "fields": [
  {
   "fieldname": "title",
   "fieldtype": "Data",
   "in_list_view": 1,
   "label": "Title",
   "reqd": 1
  },
  {
   "default": "Blue",
   "fieldname": "color",
   "fieldtype": "Select",
   "in_list_view": 1,
   "label": "Color",
   "options": "Blue\nCyan\nGray\nGreen\nLight Blue\nOrange\nPink\nPurple\nRed\nYellow",
   "reqd": 1
  },
  {
   "default": "0",
   "fieldname": "custom",
   "fieldtype": "Check",
   "hidden": 1,
   "label": "Custom"
  }
 ],
 "index_web_pages_for_search": 1,
 "istable": 1,
 "links": [],
 "modified": "2021-12-14 14:14:55.716378",
 "modified_by": "Administrator",
 "module": "Core",
 "name": "DocType State",
 "owner": "Administrator",
 "permissions": [],
 "sort_field": "modified",
 "sort_order": "DESC",
 "states": [],
 "track_changes": 1
}