{
 "charts": [],
 "content": "[{\"type\":\"header\",\"data\":{\"text\":\"<span class=\\\"h4\\\"><b>Your Shortcuts</b></span>\",\"col\":12}},{\"type\":\"shortcut\",\"data\":{\"shortcut_name\":\"ToDo\",\"col\":3}},{\"type\":\"shortcut\",\"data\":{\"shortcut_name\":\"Note\",\"col\":3}},{\"type\":\"shortcut\",\"data\":{\"shortcut_name\":\"File\",\"col\":3}},{\"type\":\"shortcut\",\"data\":{\"shortcut_name\":\"Assignment Rule\",\"col\":3}},{\"type\":\"shortcut\",\"data\":{\"shortcut_name\":\"Auto Repeat\",\"col\":3}},{\"type\":\"spacer\",\"data\":{\"col\":12}},{\"type\":\"header\",\"data\":{\"text\":\"<span class=\\\"h4\\\"><b>Reports & Masters</b></span>\",\"col\":12}},{\"type\":\"card\",\"data\":{\"card_name\":\"Tools\",\"col\":4}},{\"type\":\"card\",\"data\":{\"card_name\":\"Email\",\"col\":4}},{\"type\":\"card\",\"data\":{\"card_name\":\"Automation\",\"col\":4}},{\"type\":\"card\",\"data\":{\"card_name\":\"Event Streaming\",\"col\":4}}]",
 "creation": "2020-03-02 14:53:24.980279",
 "docstatus": 0,
 "doctype": "Workspace",
 "for_user": "",
 "hide_custom": 0,
 "icon": "tool",
 "idx": 0,
 "is_hidden": 1,
 "label": "Tools",
 "links": [
  {
   "hidden": 0,
   "is_query_report": 0,
   "label": "Tools",
   "link_count": 0,
   "onboard": 0,
   "type": "Card Break"
  },
  {
   "dependencies": "",
   "hidden": 0,
   "is_query_report": 0,
   "label": "To Do",
   "link_count": 0,
   "link_to": "ToDo",
   "link_type": "DocType",
   "onboard": 1,
   "type": "Link"
  },
  {
   "dependencies": "",
   "hidden": 0,
   "is_query_report": 0,
   "label": "Calendar",
   "link_count": 0,
   "link_to": "Event",
   "link_type": "DocType",
   "onboard": 1,
   "type": "Link"
  },
  {
   "dependencies": "",
   "hidden": 0,
   "is_query_report": 0,
   "label": "Note",
   "link_count": 0,
   "link_to": "Note",
   "link_type": "DocType",
   "onboard": 1,
   "type": "Link"
  },
  {
   "dependencies": "",
   "hidden": 0,
   "is_query_report": 0,
   "label": "Files",
   "link_count": 0,
   "link_to": "File",
   "link_type": "DocType",
   "onboard": 0,
   "type": "Link"
  },
  {
   "dependencies": "",
   "hidden": 0,
   "is_query_report": 0,
   "label": "Activity",
   "link_count": 0,
   "link_to": "activity",
   "link_type": "Page",
   "onboard": 0,
   "type": "Link"
  },
  {
   "hidden": 0,
   "is_query_report": 0,
   "label": "Email",
   "link_count": 0,
   "onboard": 0,
   "type": "Card Break"
  },
  {
   "dependencies": "",
   "hidden": 0,
   "is_query_report": 0,
   "label": "Newsletter",
   "link_count": 0,
   "link_to": "Newsletter",
   "link_type": "DocType",
   "onboard": 1,
   "type": "Link"
  },
  {
   "dependencies": "",
   "hidden": 0,
   "is_query_report": 0,
   "label": "Email Group",
   "link_count": 0,
   "link_to": "Email Group",
   "link_type": "DocType",
   "onboard": 0,
   "type": "Link"
  },
  {
   "hidden": 0,
   "is_query_report": 0,
   "label": "Automation",
   "link_count": 0,
   "onboard": 0,
   "type": "Card Break"
  },
  {
   "dependencies": "",
   "hidden": 0,
   "is_query_report": 0,
   "label": "Assignment Rule",
   "link_count": 0,
   "link_to": "Assignment Rule",
   "link_type": "DocType",
   "onboard": 0,
   "type": "Link"
  },
  {
   "dependencies": "",
   "hidden": 0,
   "is_query_report": 0,
   "label": "Milestone",
   "link_count": 0,
   "link_to": "Milestone",
   "link_type": "DocType",
   "onboard": 0,
   "type": "Link"
  },
  {
   "dependencies": "",
   "hidden": 0,
   "is_query_report": 0,
   "label": "Auto Repeat",
   "link_count": 0,
   "link_to": "Auto Repeat",
   "link_type": "DocType",
   "onboard": 0,
   "type": "Link"
  },
  {
   "hidden": 0,
   "is_query_report": 0,
   "label": "Event Streaming",
   "link_count": 0,
   "onboard": 0,
   "type": "Card Break"
  },
  {
   "dependencies": "",
   "hidden": 0,
   "is_query_report": 0,
   "label": "Event Producer",
   "link_count": 0,
   "link_to": "Event Producer",
   "link_type": "DocType",
   "onboard": 0,
   "type": "Link"
  },
  {
   "dependencies": "",
   "hidden": 0,
   "is_query_report": 0,
   "label": "Event Consumer",
   "link_count": 0,
   "link_to": "Event Consumer",
   "link_type": "DocType",
   "onboard": 0,
   "type": "Link"
  },
  {
   "dependencies": "",
   "hidden": 0,
   "is_query_report": 0,
   "label": "Event Update Log",
   "link_count": 0,
   "link_to": "Event Update Log",
   "link_type": "DocType",
   "onboard": 0,
   "type": "Link"
  },
  {
   "dependencies": "",
   "hidden": 0,
   "is_query_report": 0,
   "label": "Event Sync Log",
   "link_count": 0,
   "link_to": "Event Sync Log",
   "link_type": "DocType",
   "onboard": 0,
   "type": "Link"
  },
  {
   "dependencies": "",
   "hidden": 0,
   "is_query_report": 0,
   "label": "Document Type Mapping",
   "link_count": 0,
   "link_to": "Document Type Mapping",
   "link_type": "DocType",
   "onboard": 0,
   "type": "Link"
  }
 ],
 "modified": "2023-10-13 00:14:54.175962",
 "modified_by": "Administrator",
 "module": "Automation",
 "name": "Tools",
 "number_cards": [],
 "owner": "Administrator",
 "parent_page": "",
 "public": 1,
 "quick_lists": [],
 "restrict_to_domain": "",
 "roles": [],
 "sequence_id": 19.0,
 "shortcuts": [
  {
   "label": "ToDo",
   "link_to": "ToDo",
   "type": "DocType"
  },
  {
   "label": "Note",
   "link_to": "Note",
   "type": "DocType"
  },
  {
   "label": "File",
   "link_to": "File",
   "type": "DocType"
  },
  {
   "label": "Assignment Rule",
   "link_to": "Assignment Rule",
   "type": "DocType"
  },
  {
   "label": "Auto Repeat",
   "link_to": "Auto Repeat",
   "type": "DocType"
  }
 ],
 "title": "Tools"
}