{
 "actions": [],
 "autoname": "field:user",
 "creation": "2020-10-08 13:09:36.034430",
 "doctype": "DocType",
 "editable_grid": 1,
 "engine": "InnoDB",
 "field_order": [
  "user"
 ],
 "fields": [
  {
   "fieldname": "user",
   "fieldtype": "Link",
   "in_list_view": 1,
   "label": "User",
   "options": "User",
   "reqd": 1,
   "unique": 1
  }
 ],
 "index_web_pages_for_search": 1,
 "istable": 1,
 "links": [],
 "modified": "2020-10-08 17:22:04.690348",
 "modified_by": "Administrator",
 "module": "Core",
 "name": "Log Setting User",
 "owner": "Administrator",
 "permissions": [],
 "sort_field": "modified",
 "sort_order": "DESC",
 "track_changes": 1
}